Rep,Compound,Area
210322_Blk_Blank1_A,"Acetyl CoA, 13C2",NA
210322_Blk_Blank1_B,"Acetyl CoA, 13C2",NA
210322_Blk_Blank1_C,"Acetyl CoA, 13C2",NA
210322_Blk_Blank2_A,"Acetyl CoA, 13C2",NA
210322_Blk_Blank2_B,"Acetyl CoA, 13C2",17559
210322_Blk_Blank2_C,"Acetyl CoA, 13C2",NA
210322_Blk_Blank3_A,"Acetyl CoA, 13C2",NA
210322_Blk_Blank3_B,"Acetyl CoA, 13C2",NA
210322_Blk_Blank3_C,"Acetyl CoA, 13C2",NA
210322_Blk_Blank4_A,"Acetyl CoA, 13C2",NA
210322_Blk_Blank4_B,"Acetyl CoA, 13C2",NA
210322_Blk_Blank4_C,"Acetyl CoA, 13C2",NA
210322_Blk_Blank5_A,"Acetyl CoA, 13C2",NA
210322_Blk_Blank5_B,"Acetyl CoA, 13C2",NA
210322_Blk_Blank5_C,"Acetyl CoA, 13C2",NA
210322_Smp_Aloha_A,"Acetyl CoA, 13C2",NA
210322_Smp_Aloha_B,"Acetyl CoA, 13C2",NA
210322_Smp_Aloha_C,"Acetyl CoA, 13C2",NA
210322_Smp_LW_A,"Acetyl CoA, 13C2",NA
210322_Smp_LW_B,"Acetyl CoA, 13C2",NA
210322_Smp_LW_C,"Acetyl CoA, 13C2",NA
210322_Smp_NP_A,"Acetyl CoA, 13C2",NA
210322_Smp_NP_B,"Acetyl CoA, 13C2",NA
210322_Smp_NP_C,"Acetyl CoA, 13C2",NA
210322_Smp_PS_A,"Acetyl CoA, 13C2",NA
210322_Smp_PS_B,"Acetyl CoA, 13C2",NA
210322_Smp_PS_C,"Acetyl CoA, 13C2",NA
210322_Blk_Blank1_A,"Adenosine Monophosphate, 15N5",34100880
210322_Blk_Blank1_B,"Adenosine Monophosphate, 15N5",30544238
210322_Blk_Blank1_C,"Adenosine Monophosphate, 15N5",24493776
210322_Blk_Blank2_A,"Adenosine Monophosphate, 15N5",35253668
210322_Blk_Blank2_B,"Adenosine Monophosphate, 15N5",37850748
210322_Blk_Blank2_C,"Adenosine Monophosphate, 15N5",33264078
210322_Blk_Blank3_A,"Adenosine Monophosphate, 15N5",35120488
210322_Blk_Blank3_B,"Adenosine Monophosphate, 15N5",28852278
210322_Blk_Blank3_C,"Adenosine Monophosphate, 15N5",36266748
210322_Blk_Blank4_A,"Adenosine Monophosphate, 15N5",38090700
210322_Blk_Blank4_B,"Adenosine Monophosphate, 15N5",39737824
210322_Blk_Blank4_C,"Adenosine Monophosphate, 15N5",37733036
210322_Blk_Blank5_A,"Adenosine Monophosphate, 15N5",31992798
210322_Blk_Blank5_B,"Adenosine Monophosphate, 15N5",28548748
210322_Blk_Blank5_C,"Adenosine Monophosphate, 15N5",37669664
210322_Smp_Aloha_A,"Adenosine Monophosphate, 15N5",35042848
210322_Smp_Aloha_B,"Adenosine Monophosphate, 15N5",31724300
210322_Smp_Aloha_C,"Adenosine Monophosphate, 15N5",32956102
210322_Smp_LW_A,"Adenosine Monophosphate, 15N5",29812722
210322_Smp_LW_B,"Adenosine Monophosphate, 15N5",37134900
210322_Smp_LW_C,"Adenosine Monophosphate, 15N5",32080320
210322_Smp_NP_A,"Adenosine Monophosphate, 15N5",36366548
210322_Smp_NP_B,"Adenosine Monophosphate, 15N5",36155048
210322_Smp_NP_C,"Adenosine Monophosphate, 15N5",36662176
210322_Smp_PS_A,"Adenosine Monophosphate, 15N5",37553528
210322_Smp_PS_B,"Adenosine Monophosphate, 15N5",35493712
210322_Smp_PS_C,"Adenosine Monophosphate, 15N5",33683232
210322_Blk_Blank1_A,"Guanosine Monophosphate, 15N5",NA
210322_Blk_Blank1_B,"Guanosine Monophosphate, 15N5",NA
210322_Blk_Blank1_C,"Guanosine Monophosphate, 15N5",NA
210322_Blk_Blank2_A,"Guanosine Monophosphate, 15N5",NA
210322_Blk_Blank2_B,"Guanosine Monophosphate, 15N5",NA
210322_Blk_Blank2_C,"Guanosine Monophosphate, 15N5",NA
210322_Blk_Blank3_A,"Guanosine Monophosphate, 15N5",NA
210322_Blk_Blank3_B,"Guanosine Monophosphate, 15N5",NA
210322_Blk_Blank3_C,"Guanosine Monophosphate, 15N5",NA
210322_Blk_Blank4_A,"Guanosine Monophosphate, 15N5",NA
210322_Blk_Blank4_B,"Guanosine Monophosphate, 15N5",NA
210322_Blk_Blank4_C,"Guanosine Monophosphate, 15N5",NA
210322_Blk_Blank5_A,"Guanosine Monophosphate, 15N5",NA
210322_Blk_Blank5_B,"Guanosine Monophosphate, 15N5",NA
210322_Blk_Blank5_C,"Guanosine Monophosphate, 15N5",NA
210322_Smp_Aloha_A,"Guanosine Monophosphate, 15N5",32629
210322_Smp_Aloha_B,"Guanosine Monophosphate, 15N5",NA
210322_Smp_Aloha_C,"Guanosine Monophosphate, 15N5",16449
210322_Smp_LW_A,"Guanosine Monophosphate, 15N5",NA
210322_Smp_LW_B,"Guanosine Monophosphate, 15N5",NA
210322_Smp_LW_C,"Guanosine Monophosphate, 15N5",NA
210322_Smp_NP_A,"Guanosine Monophosphate, 15N5",NA
210322_Smp_NP_B,"Guanosine Monophosphate, 15N5",NA
210322_Smp_NP_C,"Guanosine Monophosphate, 15N5",NA
210322_Smp_PS_A,"Guanosine Monophosphate, 15N5",NA
210322_Smp_PS_B,"Guanosine Monophosphate, 15N5",NA
210322_Smp_PS_C,"Guanosine Monophosphate, 15N5",NA
210322_Blk_Blank1_A,"Isethionic Acid, 13C2",NA
210322_Blk_Blank1_B,"Isethionic Acid, 13C2",NA
210322_Blk_Blank1_C,"Isethionic Acid, 13C2",NA
210322_Blk_Blank2_A,"Isethionic Acid, 13C2",NA
210322_Blk_Blank2_B,"Isethionic Acid, 13C2",NA
210322_Blk_Blank2_C,"Isethionic Acid, 13C2",NA
210322_Blk_Blank3_A,"Isethionic Acid, 13C2",NA
210322_Blk_Blank3_B,"Isethionic Acid, 13C2",NA
210322_Blk_Blank3_C,"Isethionic Acid, 13C2",NA
210322_Blk_Blank4_A,"Isethionic Acid, 13C2",NA
210322_Blk_Blank4_B,"Isethionic Acid, 13C2",NA
210322_Blk_Blank4_C,"Isethionic Acid, 13C2",NA
210322_Blk_Blank5_A,"Isethionic Acid, 13C2",NA
210322_Blk_Blank5_B,"Isethionic Acid, 13C2",NA
210322_Blk_Blank5_C,"Isethionic Acid, 13C2",NA
210322_Smp_Aloha_A,"Isethionic Acid, 13C2",NA
210322_Smp_Aloha_B,"Isethionic Acid, 13C2",NA
210322_Smp_Aloha_C,"Isethionic Acid, 13C2",14606
210322_Smp_LW_A,"Isethionic Acid, 13C2",NA
210322_Smp_LW_B,"Isethionic Acid, 13C2",NA
210322_Smp_LW_C,"Isethionic Acid, 13C2",NA
210322_Smp_NP_A,"Isethionic Acid, 13C2",NA
210322_Smp_NP_B,"Isethionic Acid, 13C2",NA
210322_Smp_NP_C,"Isethionic Acid, 13C2",NA
210322_Smp_PS_A,"Isethionic Acid, 13C2",NA
210322_Smp_PS_B,"Isethionic Acid, 13C2",NA
210322_Smp_PS_C,"Isethionic Acid, 13C2",NA
210322_Blk_Blank1_A,"L-Cysteic Acid, D3",7609495
210322_Blk_Blank1_B,"L-Cysteic Acid, D3",6910193
210322_Blk_Blank1_C,"L-Cysteic Acid, D3",5407357
210322_Blk_Blank2_A,"L-Cysteic Acid, D3",7330128
210322_Blk_Blank2_B,"L-Cysteic Acid, D3",7470022
210322_Blk_Blank2_C,"L-Cysteic Acid, D3",6667317
210322_Blk_Blank3_A,"L-Cysteic Acid, D3",7535123
210322_Blk_Blank3_B,"L-Cysteic Acid, D3",6064715
210322_Blk_Blank3_C,"L-Cysteic Acid, D3",7429434
210322_Blk_Blank4_A,"L-Cysteic Acid, D3",7311196
210322_Blk_Blank4_B,"L-Cysteic Acid, D3",7385021
210322_Blk_Blank4_C,"L-Cysteic Acid, D3",7349910
210322_Blk_Blank5_A,"L-Cysteic Acid, D3",6531355
210322_Blk_Blank5_B,"L-Cysteic Acid, D3",6032016
210322_Blk_Blank5_C,"L-Cysteic Acid, D3",7105867
210322_Smp_Aloha_A,"L-Cysteic Acid, D3",7636211
210322_Smp_Aloha_B,"L-Cysteic Acid, D3",7285770
210322_Smp_Aloha_C,"L-Cysteic Acid, D3",7192011
210322_Smp_LW_A,"L-Cysteic Acid, D3",6903490
210322_Smp_LW_B,"L-Cysteic Acid, D3",7337527
210322_Smp_LW_C,"L-Cysteic Acid, D3",6590233
210322_Smp_NP_A,"L-Cysteic Acid, D3",7651373
210322_Smp_NP_B,"L-Cysteic Acid, D3",7484702
210322_Smp_NP_C,"L-Cysteic Acid, D3",7548203
210322_Smp_PS_A,"L-Cysteic Acid, D3",7103890
210322_Smp_PS_B,"L-Cysteic Acid, D3",7647942
210322_Smp_PS_C,"L-Cysteic Acid, D3",7284975
210322_Blk_Blank1_A,"Sucrose, 13C",43166912
210322_Blk_Blank1_B,"Sucrose, 13C",38068724
210322_Blk_Blank1_C,"Sucrose, 13C",30135620
210322_Blk_Blank2_A,"Sucrose, 13C",41363736
210322_Blk_Blank2_B,"Sucrose, 13C",39545432
210322_Blk_Blank2_C,"Sucrose, 13C",38873412
210322_Blk_Blank3_A,"Sucrose, 13C",42849908
210322_Blk_Blank3_B,"Sucrose, 13C",33310490
210322_Blk_Blank3_C,"Sucrose, 13C",42130172
210322_Blk_Blank4_A,"Sucrose, 13C",41500644
210322_Blk_Blank4_B,"Sucrose, 13C",41588380
210322_Blk_Blank4_C,"Sucrose, 13C",39112352
210322_Blk_Blank5_A,"Sucrose, 13C",38300848
210322_Blk_Blank5_B,"Sucrose, 13C",32683620
210322_Blk_Blank5_C,"Sucrose, 13C",44101984
210322_Smp_Aloha_A,"Sucrose, 13C",40731968
210322_Smp_Aloha_B,"Sucrose, 13C",39266728
210322_Smp_Aloha_C,"Sucrose, 13C",40113528
210322_Smp_LW_A,"Sucrose, 13C",38240944
210322_Smp_LW_B,"Sucrose, 13C",39723572
210322_Smp_LW_C,"Sucrose, 13C",38001932
210322_Smp_NP_A,"Sucrose, 13C",40491412
210322_Smp_NP_B,"Sucrose, 13C",41701260
210322_Smp_NP_C,"Sucrose, 13C",43453488
210322_Smp_PS_A,"Sucrose, 13C",39251912
210322_Smp_PS_B,"Sucrose, 13C",40774704
210322_Smp_PS_C,"Sucrose, 13C",41041560
210322_Blk_Blank1_A,"Taurine, D4",20043832
210322_Blk_Blank1_B,"Taurine, D4",17382230
210322_Blk_Blank1_C,"Taurine, D4",13954598
210322_Blk_Blank2_A,"Taurine, D4",21036194
210322_Blk_Blank2_B,"Taurine, D4",21324004
210322_Blk_Blank2_C,"Taurine, D4",18946214
210322_Blk_Blank3_A,"Taurine, D4",22319814
210322_Blk_Blank3_B,"Taurine, D4",18015176
210322_Blk_Blank3_C,"Taurine, D4",20215154
210322_Blk_Blank4_A,"Taurine, D4",22183742
210322_Blk_Blank4_B,"Taurine, D4",22078890
210322_Blk_Blank4_C,"Taurine, D4",21464184
210322_Blk_Blank5_A,"Taurine, D4",19461610
210322_Blk_Blank5_B,"Taurine, D4",17630034
210322_Blk_Blank5_C,"Taurine, D4",21927168
210322_Smp_Aloha_A,"Taurine, D4",19704200
210322_Smp_Aloha_B,"Taurine, D4",19100482
210322_Smp_Aloha_C,"Taurine, D4",19072960
210322_Smp_LW_A,"Taurine, D4",21487776
210322_Smp_LW_B,"Taurine, D4",20953410
210322_Smp_LW_C,"Taurine, D4",20194198
210322_Smp_NP_A,"Taurine, D4",21108996
210322_Smp_NP_B,"Taurine, D4",20721998
210322_Smp_NP_C,"Taurine, D4",19622046
210322_Smp_PS_A,"Taurine, D4",20606854
210322_Smp_PS_B,"Taurine, D4",19899670
210322_Smp_PS_C,"Taurine, D4",18764564
210322_Blk_Blank1_A,"Trehalose, 13C",43166912
210322_Blk_Blank1_B,"Trehalose, 13C",38068724
210322_Blk_Blank1_C,"Trehalose, 13C",30135620
210322_Blk_Blank2_A,"Trehalose, 13C",41363736
210322_Blk_Blank2_B,"Trehalose, 13C",39545432
210322_Blk_Blank2_C,"Trehalose, 13C",38873412
210322_Blk_Blank3_A,"Trehalose, 13C",42849908
210322_Blk_Blank3_B,"Trehalose, 13C",33310490
210322_Blk_Blank3_C,"Trehalose, 13C",42130172
210322_Blk_Blank4_A,"Trehalose, 13C",41500644
210322_Blk_Blank4_B,"Trehalose, 13C",41588380
210322_Blk_Blank4_C,"Trehalose, 13C",39112352
210322_Blk_Blank5_A,"Trehalose, 13C",38300848
210322_Blk_Blank5_B,"Trehalose, 13C",32683620
210322_Blk_Blank5_C,"Trehalose, 13C",44101984
210322_Smp_Aloha_A,"Trehalose, 13C",40731968
210322_Smp_Aloha_B,"Trehalose, 13C",39266728
210322_Smp_Aloha_C,"Trehalose, 13C",40113528
210322_Smp_LW_A,"Trehalose, 13C",38240944
210322_Smp_LW_B,"Trehalose, 13C",39723572
210322_Smp_LW_C,"Trehalose, 13C",38001932
210322_Smp_NP_A,"Trehalose, 13C",40491412
210322_Smp_NP_B,"Trehalose, 13C",41701260
210322_Smp_NP_C,"Trehalose, 13C",43453488
210322_Smp_PS_A,"Trehalose, 13C",39251912
210322_Smp_PS_B,"Trehalose, 13C",40774704
210322_Smp_PS_C,"Trehalose, 13C",41041560
210322_Blk_Blank1_A,"Succinic Acid, D4",83921600
210322_Blk_Blank1_B,"Succinic Acid, D4",76977704
210322_Blk_Blank1_C,"Succinic Acid, D4",59745664
210322_Blk_Blank2_A,"Succinic Acid, D4",80982088
210322_Blk_Blank2_B,"Succinic Acid, D4",81482152
210322_Blk_Blank2_C,"Succinic Acid, D4",74552616
210322_Blk_Blank3_A,"Succinic Acid, D4",81541168
210322_Blk_Blank3_B,"Succinic Acid, D4",67160080
210322_Blk_Blank3_C,"Succinic Acid, D4",82942056
210322_Blk_Blank4_A,"Succinic Acid, D4",79870408
210322_Blk_Blank4_B,"Succinic Acid, D4",80596320
210322_Blk_Blank4_C,"Succinic Acid, D4",77232592
210322_Blk_Blank5_A,"Succinic Acid, D4",73561520
210322_Blk_Blank5_B,"Succinic Acid, D4",60693032
210322_Blk_Blank5_C,"Succinic Acid, D4",78652016
210322_Smp_Aloha_A,"Succinic Acid, D4",80319232
210322_Smp_Aloha_B,"Succinic Acid, D4",81915752
210322_Smp_Aloha_C,"Succinic Acid, D4",79565680
210322_Smp_LW_A,"Succinic Acid, D4",72900288
210322_Smp_LW_B,"Succinic Acid, D4",78790168
210322_Smp_LW_C,"Succinic Acid, D4",72918560
210322_Smp_NP_A,"Succinic Acid, D4",78969896
210322_Smp_NP_B,"Succinic Acid, D4",80688912
210322_Smp_NP_C,"Succinic Acid, D4",81262248
210322_Smp_PS_A,"Succinic Acid, D4",77067944
210322_Smp_PS_B,"Succinic Acid, D4",83381136
210322_Smp_PS_C,"Succinic Acid, D4",78966184
210322_Blk_Blank1_A,"Sulfoacetic Acid, 13C2",NA
210322_Blk_Blank1_B,"Sulfoacetic Acid, 13C2",13159
210322_Blk_Blank1_C,"Sulfoacetic Acid, 13C2",NA
210322_Blk_Blank2_A,"Sulfoacetic Acid, 13C2",14797
210322_Blk_Blank2_B,"Sulfoacetic Acid, 13C2",NA
210322_Blk_Blank2_C,"Sulfoacetic Acid, 13C2",NA
210322_Blk_Blank3_A,"Sulfoacetic Acid, 13C2",NA
210322_Blk_Blank3_B,"Sulfoacetic Acid, 13C2",NA
210322_Blk_Blank3_C,"Sulfoacetic Acid, 13C2",NA
210322_Blk_Blank4_A,"Sulfoacetic Acid, 13C2",NA
210322_Blk_Blank4_B,"Sulfoacetic Acid, 13C2",NA
210322_Blk_Blank4_C,"Sulfoacetic Acid, 13C2",14839
210322_Blk_Blank5_A,"Sulfoacetic Acid, 13C2",NA
210322_Blk_Blank5_B,"Sulfoacetic Acid, 13C2",NA
210322_Blk_Blank5_C,"Sulfoacetic Acid, 13C2",12931
210322_Smp_Aloha_A,"Sulfoacetic Acid, 13C2",NA
210322_Smp_Aloha_B,"Sulfoacetic Acid, 13C2",NA
210322_Smp_Aloha_C,"Sulfoacetic Acid, 13C2",NA
210322_Smp_LW_A,"Sulfoacetic Acid, 13C2",NA
210322_Smp_LW_B,"Sulfoacetic Acid, 13C2",13212
210322_Smp_LW_C,"Sulfoacetic Acid, 13C2",NA
210322_Smp_NP_A,"Sulfoacetic Acid, 13C2",NA
210322_Smp_NP_B,"Sulfoacetic Acid, 13C2",NA
210322_Smp_NP_C,"Sulfoacetic Acid, 13C2",NA
210322_Smp_PS_A,"Sulfoacetic Acid, 13C2",NA
210322_Smp_PS_B,"Sulfoacetic Acid, 13C2",NA
210322_Smp_PS_C,"Sulfoacetic Acid, 13C2",NA
210322_Blk_Blank1_A,"Sulfolactic Acid, 13C3",NA
210322_Blk_Blank1_B,"Sulfolactic Acid, 13C3",NA
210322_Blk_Blank1_C,"Sulfolactic Acid, 13C3",NA
210322_Blk_Blank2_A,"Sulfolactic Acid, 13C3",NA
210322_Blk_Blank2_B,"Sulfolactic Acid, 13C3",NA
210322_Blk_Blank2_C,"Sulfolactic Acid, 13C3",NA
210322_Blk_Blank3_A,"Sulfolactic Acid, 13C3",NA
210322_Blk_Blank3_B,"Sulfolactic Acid, 13C3",NA
210322_Blk_Blank3_C,"Sulfolactic Acid, 13C3",NA
210322_Blk_Blank4_A,"Sulfolactic Acid, 13C3",NA
210322_Blk_Blank4_B,"Sulfolactic Acid, 13C3",NA
210322_Blk_Blank4_C,"Sulfolactic Acid, 13C3",NA
210322_Blk_Blank5_A,"Sulfolactic Acid, 13C3",NA
210322_Blk_Blank5_B,"Sulfolactic Acid, 13C3",NA
210322_Blk_Blank5_C,"Sulfolactic Acid, 13C3",NA
210322_Smp_Aloha_A,"Sulfolactic Acid, 13C3",NA
210322_Smp_Aloha_B,"Sulfolactic Acid, 13C3",NA
210322_Smp_Aloha_C,"Sulfolactic Acid, 13C3",NA
210322_Smp_LW_A,"Sulfolactic Acid, 13C3",NA
210322_Smp_LW_B,"Sulfolactic Acid, 13C3",NA
210322_Smp_LW_C,"Sulfolactic Acid, 13C3",NA
210322_Smp_NP_A,"Sulfolactic Acid, 13C3",NA
210322_Smp_NP_B,"Sulfolactic Acid, 13C3",NA
210322_Smp_NP_C,"Sulfolactic Acid, 13C3",NA
210322_Smp_PS_A,"Sulfolactic Acid, 13C3",NA
210322_Smp_PS_B,"Sulfolactic Acid, 13C3",NA
210322_Smp_PS_C,"Sulfolactic Acid, 13C3",NA
210322_Blk_Blank1_A,"Thymine, D4",100087896
210322_Blk_Blank1_B,"Thymine, D4",89106680
210322_Blk_Blank1_C,"Thymine, D4",70490256
210322_Blk_Blank2_A,"Thymine, D4",103234568
210322_Blk_Blank2_B,"Thymine, D4",107547376
210322_Blk_Blank2_C,"Thymine, D4",97925384
210322_Blk_Blank3_A,"Thymine, D4",103789944
210322_Blk_Blank3_B,"Thymine, D4",88075816
210322_Blk_Blank3_C,"Thymine, D4",104147736
210322_Blk_Blank4_A,"Thymine, D4",104873656
210322_Blk_Blank4_B,"Thymine, D4",105409488
210322_Blk_Blank4_C,"Thymine, D4",103573920
210322_Blk_Blank5_A,"Thymine, D4",90729024
210322_Blk_Blank5_B,"Thymine, D4",79801032
210322_Blk_Blank5_C,"Thymine, D4",105296472
210322_Smp_Aloha_A,"Thymine, D4",104236728
210322_Smp_Aloha_B,"Thymine, D4",102682080
210322_Smp_Aloha_C,"Thymine, D4",100812232
210322_Smp_LW_A,"Thymine, D4",100277232
210322_Smp_LW_B,"Thymine, D4",103617584
210322_Smp_LW_C,"Thymine, D4",96409256
210322_Smp_NP_A,"Thymine, D4",105715816
210322_Smp_NP_B,"Thymine, D4",109298088
210322_Smp_NP_C,"Thymine, D4",105719792
210322_Smp_PS_A,"Thymine, D4",100120400
210322_Smp_PS_B,"Thymine, D4",104524104
210322_Smp_PS_C,"Thymine, D4",104451248
210322_Blk_Blank1_A,"Uracil, 15N2-D2",7498559
210322_Blk_Blank1_B,"Uracil, 15N2-D2",11575757
210322_Blk_Blank1_C,"Uracil, 15N2-D2",10636569
210322_Blk_Blank2_A,"Uracil, 15N2-D2",11960737
210322_Blk_Blank2_B,"Uracil, 15N2-D2",11038408
210322_Blk_Blank2_C,"Uracil, 15N2-D2",21212624
210322_Blk_Blank3_A,"Uracil, 15N2-D2",11781741
210322_Blk_Blank3_B,"Uracil, 15N2-D2",8718242
210322_Blk_Blank3_C,"Uracil, 15N2-D2",6686132
210322_Blk_Blank4_A,"Uracil, 15N2-D2",6760238
210322_Blk_Blank4_B,"Uracil, 15N2-D2",12420205
210322_Blk_Blank4_C,"Uracil, 15N2-D2",9160580
210322_Blk_Blank5_A,"Uracil, 15N2-D2",16878342
210322_Blk_Blank5_B,"Uracil, 15N2-D2",13618417
210322_Blk_Blank5_C,"Uracil, 15N2-D2",11521064
210322_Smp_Aloha_A,"Uracil, 15N2-D2",12457795
210322_Smp_Aloha_B,"Uracil, 15N2-D2",12308734
210322_Smp_Aloha_C,"Uracil, 15N2-D2",15710870
210322_Smp_LW_A,"Uracil, 15N2-D2",13863998
210322_Smp_LW_B,"Uracil, 15N2-D2",16047850
210322_Smp_LW_C,"Uracil, 15N2-D2",14065512
210322_Smp_NP_A,"Uracil, 15N2-D2",7822220
210322_Smp_NP_B,"Uracil, 15N2-D2",9202007
210322_Smp_NP_C,"Uracil, 15N2-D2",5456970
210322_Smp_PS_A,"Uracil, 15N2-D2",11893093
210322_Smp_PS_B,"Uracil, 15N2-D2",5295436
210322_Smp_PS_C,"Uracil, 15N2-D2",10157552
210322_Blk_Blank6_A,"Acetyl CoA, 13C2",0
210322_Blk_Blank6_B,"Acetyl CoA, 13C2",0
210322_Blk_Blank6_C,"Acetyl CoA, 13C2",0
210322_Blk_Blank7_A,"Acetyl CoA, 13C2",0
210322_Blk_Blank7_B,"Acetyl CoA, 13C2",0
210322_Blk_Blank7_C,"Acetyl CoA, 13C2",0
210322_Smp_C_1mL_NS_A,"Acetyl CoA, 13C2",16631
210322_Smp_C_1mL_NS_B,"Acetyl CoA, 13C2",0
210322_Smp_C_1mL_NS_C,"Acetyl CoA, 13C2",0
210322_Smp_C_1mL_SAf_A,"Acetyl CoA, 13C2",2350385
210322_Smp_C_1mL_SAf_B,"Acetyl CoA, 13C2",1977060
210322_Smp_C_1mL_SAf_C,"Acetyl CoA, 13C2",2164700
210322_Smp_C_1mL_SBe_A,"Acetyl CoA, 13C2",13479
210322_Smp_C_1mL_SBe_B,"Acetyl CoA, 13C2",0
210322_Smp_C_1mL_SBe_C,"Acetyl CoA, 13C2",0
210322_Blk_PPL_Blank_A,"Acetyl CoA, 13C2",0
210322_Blk_PPL_Blank_B,"Acetyl CoA, 13C2",0
210322_Blk_PPL_Blank_C,"Acetyl CoA, 13C2",0
210322_Smp_PPL_Aloha_A,"Acetyl CoA, 13C2",0
210322_Smp_PPL_Aloha_B,"Acetyl CoA, 13C2",0
210322_Smp_PPL_Aloha_C,"Acetyl CoA, 13C2",0
210322_Smp_PPL_PS_A,"Acetyl CoA, 13C2",0
210322_Smp_PPL_PS_B,"Acetyl CoA, 13C2",0
210322_Smp_PPL_PS_C,"Acetyl CoA, 13C2",0
210322_Blk_Blank6_A,"Adenosine Monophosphate, 15N5",39701512
210322_Blk_Blank6_B,"Adenosine Monophosphate, 15N5",36987388
210322_Blk_Blank6_C,"Adenosine Monophosphate, 15N5",38096584
210322_Blk_Blank7_A,"Adenosine Monophosphate, 15N5",39078928
210322_Blk_Blank7_B,"Adenosine Monophosphate, 15N5",38915636
210322_Blk_Blank7_C,"Adenosine Monophosphate, 15N5",34184200
210322_Smp_C_1mL_NS_A,"Adenosine Monophosphate, 15N5",28396582
210322_Smp_C_1mL_NS_B,"Adenosine Monophosphate, 15N5",31035100
210322_Smp_C_1mL_NS_C,"Adenosine Monophosphate, 15N5",30639958
210322_Smp_C_1mL_SAf_A,"Adenosine Monophosphate, 15N5",41061992
210322_Smp_C_1mL_SAf_B,"Adenosine Monophosphate, 15N5",37061324
210322_Smp_C_1mL_SAf_C,"Adenosine Monophosphate, 15N5",39721052
210322_Smp_C_1mL_SBe_A,"Adenosine Monophosphate, 15N5",36827480
210322_Smp_C_1mL_SBe_B,"Adenosine Monophosphate, 15N5",30236862
210322_Smp_C_1mL_SBe_C,"Adenosine Monophosphate, 15N5",37659768
210322_Blk_PPL_Blank_A,"Adenosine Monophosphate, 15N5",6668178
210322_Blk_PPL_Blank_B,"Adenosine Monophosphate, 15N5",9251892
210322_Blk_PPL_Blank_C,"Adenosine Monophosphate, 15N5",41228016
210322_Smp_PPL_Aloha_A,"Adenosine Monophosphate, 15N5",36007004
210322_Smp_PPL_Aloha_B,"Adenosine Monophosphate, 15N5",30117840
210322_Smp_PPL_Aloha_C,"Adenosine Monophosphate, 15N5",39229556
210322_Smp_PPL_PS_A,"Adenosine Monophosphate, 15N5",42538188
210322_Smp_PPL_PS_B,"Adenosine Monophosphate, 15N5",30313872
210322_Smp_PPL_PS_C,"Adenosine Monophosphate, 15N5",27467710
210322_Blk_Blank6_A,"Guanosine Monophosphate, 15N5",13041
210322_Blk_Blank6_B,"Guanosine Monophosphate, 15N5",NA
210322_Blk_Blank6_C,"Guanosine Monophosphate, 15N5",13978
210322_Blk_Blank7_A,"Guanosine Monophosphate, 15N5",NA
210322_Blk_Blank7_B,"Guanosine Monophosphate, 15N5",NA
210322_Blk_Blank7_C,"Guanosine Monophosphate, 15N5",NA
210322_Smp_C_1mL_NS_A,"Guanosine Monophosphate, 15N5",NA
210322_Smp_C_1mL_NS_B,"Guanosine Monophosphate, 15N5",NA
210322_Smp_C_1mL_NS_C,"Guanosine Monophosphate, 15N5",NA
210322_Smp_C_1mL_SAf_A,"Guanosine Monophosphate, 15N5",NA
210322_Smp_C_1mL_SAf_B,"Guanosine Monophosphate, 15N5",NA
210322_Smp_C_1mL_SAf_C,"Guanosine Monophosphate, 15N5",NA
210322_Smp_C_1mL_SBe_A,"Guanosine Monophosphate, 15N5",NA
210322_Smp_C_1mL_SBe_B,"Guanosine Monophosphate, 15N5",NA
210322_Smp_C_1mL_SBe_C,"Guanosine Monophosphate, 15N5",NA
210322_Blk_PPL_Blank_A,"Guanosine Monophosphate, 15N5",15855
210322_Blk_PPL_Blank_B,"Guanosine Monophosphate, 15N5",NA
210322_Blk_PPL_Blank_C,"Guanosine Monophosphate, 15N5",NA
210322_Smp_PPL_Aloha_A,"Guanosine Monophosphate, 15N5",NA
210322_Smp_PPL_Aloha_B,"Guanosine Monophosphate, 15N5",NA
210322_Smp_PPL_Aloha_C,"Guanosine Monophosphate, 15N5",NA
210322_Smp_PPL_PS_A,"Guanosine Monophosphate, 15N5",NA
210322_Smp_PPL_PS_B,"Guanosine Monophosphate, 15N5",NA
210322_Smp_PPL_PS_C,"Guanosine Monophosphate, 15N5",NA
210322_Blk_Blank6_A,"Isethionic Acid, 13C2",NA
210322_Blk_Blank6_B,"Isethionic Acid, 13C2",NA
210322_Blk_Blank6_C,"Isethionic Acid, 13C2",NA
210322_Blk_Blank7_A,"Isethionic Acid, 13C2",NA
210322_Blk_Blank7_B,"Isethionic Acid, 13C2",NA
210322_Blk_Blank7_C,"Isethionic Acid, 13C2",NA
210322_Smp_C_1mL_NS_A,"Isethionic Acid, 13C2",NA
210322_Smp_C_1mL_NS_B,"Isethionic Acid, 13C2",NA
210322_Smp_C_1mL_NS_C,"Isethionic Acid, 13C2",NA
210322_Smp_C_1mL_SAf_A,"Isethionic Acid, 13C2",NA
210322_Smp_C_1mL_SAf_B,"Isethionic Acid, 13C2",NA
210322_Smp_C_1mL_SAf_C,"Isethionic Acid, 13C2",NA
210322_Smp_C_1mL_SBe_A,"Isethionic Acid, 13C2",NA
210322_Smp_C_1mL_SBe_B,"Isethionic Acid, 13C2",NA
210322_Smp_C_1mL_SBe_C,"Isethionic Acid, 13C2",NA
210322_Blk_PPL_Blank_A,"Isethionic Acid, 13C2",NA
210322_Blk_PPL_Blank_B,"Isethionic Acid, 13C2",NA
210322_Blk_PPL_Blank_C,"Isethionic Acid, 13C2",NA
210322_Smp_PPL_Aloha_A,"Isethionic Acid, 13C2",NA
210322_Smp_PPL_Aloha_B,"Isethionic Acid, 13C2",NA
210322_Smp_PPL_Aloha_C,"Isethionic Acid, 13C2",NA
210322_Smp_PPL_PS_A,"Isethionic Acid, 13C2",NA
210322_Smp_PPL_PS_B,"Isethionic Acid, 13C2",NA
210322_Smp_PPL_PS_C,"Isethionic Acid, 13C2",NA
210322_Blk_Blank6_A,"L-Cysteic Acid, D3",7490177
210322_Blk_Blank6_B,"L-Cysteic Acid, D3",6496576
210322_Blk_Blank6_C,"L-Cysteic Acid, D3",6579628
210322_Blk_Blank7_A,"L-Cysteic Acid, D3",6846211
210322_Blk_Blank7_B,"L-Cysteic Acid, D3",7469124
210322_Blk_Blank7_C,"L-Cysteic Acid, D3",7165775
210322_Smp_C_1mL_NS_A,"L-Cysteic Acid, D3",5867744
210322_Smp_C_1mL_NS_B,"L-Cysteic Acid, D3",6283781
210322_Smp_C_1mL_NS_C,"L-Cysteic Acid, D3",6307120
210322_Smp_C_1mL_SAf_A,"L-Cysteic Acid, D3",8534323
210322_Smp_C_1mL_SAf_B,"L-Cysteic Acid, D3",7754015
210322_Smp_C_1mL_SAf_C,"L-Cysteic Acid, D3",7629672
210322_Smp_C_1mL_SBe_A,"L-Cysteic Acid, D3",6988632
210322_Smp_C_1mL_SBe_B,"L-Cysteic Acid, D3",5442984
210322_Smp_C_1mL_SBe_C,"L-Cysteic Acid, D3",7063675
210322_Blk_PPL_Blank_A,"L-Cysteic Acid, D3",2492053
210322_Blk_PPL_Blank_B,"L-Cysteic Acid, D3",3905630
210322_Blk_PPL_Blank_C,"L-Cysteic Acid, D3",7403697
210322_Smp_PPL_Aloha_A,"L-Cysteic Acid, D3",7610338
210322_Smp_PPL_Aloha_B,"L-Cysteic Acid, D3",6593339
210322_Smp_PPL_Aloha_C,"L-Cysteic Acid, D3",7414315
210322_Smp_PPL_PS_A,"L-Cysteic Acid, D3",7335277
210322_Smp_PPL_PS_B,"L-Cysteic Acid, D3",7414561
210322_Smp_PPL_PS_C,"L-Cysteic Acid, D3",7241452
210322_Blk_Blank6_A,"Sucrose, 13C",43554212
210322_Blk_Blank6_B,"Sucrose, 13C",38954216
210322_Blk_Blank6_C,"Sucrose, 13C",39700236
210322_Blk_Blank7_A,"Sucrose, 13C",42484336
210322_Blk_Blank7_B,"Sucrose, 13C",44555836
210322_Blk_Blank7_C,"Sucrose, 13C",43490300
210322_Smp_C_1mL_NS_A,"Sucrose, 13C",34986144
210322_Smp_C_1mL_NS_B,"Sucrose, 13C",38702788
210322_Smp_C_1mL_NS_C,"Sucrose, 13C",38209268
210322_Smp_C_1mL_SAf_A,"Sucrose, 13C",45918556
210322_Smp_C_1mL_SAf_B,"Sucrose, 13C",41928404
210322_Smp_C_1mL_SAf_C,"Sucrose, 13C",40840464
210322_Smp_C_1mL_SBe_A,"Sucrose, 13C",40965828
210322_Smp_C_1mL_SBe_B,"Sucrose, 13C",33780640
210322_Smp_C_1mL_SBe_C,"Sucrose, 13C",45041248
210322_Blk_PPL_Blank_A,"Sucrose, 13C",37573048
210322_Blk_PPL_Blank_B,"Sucrose, 13C",39476996
210322_Blk_PPL_Blank_C,"Sucrose, 13C",41742244
210322_Smp_PPL_Aloha_A,"Sucrose, 13C",44055484
210322_Smp_PPL_Aloha_B,"Sucrose, 13C",46221380
210322_Smp_PPL_Aloha_C,"Sucrose, 13C",43006072
210322_Smp_PPL_PS_A,"Sucrose, 13C",44339068
210322_Smp_PPL_PS_B,"Sucrose, 13C",40961836
210322_Smp_PPL_PS_C,"Sucrose, 13C",43862968
210322_Blk_Blank6_A,"Taurine, D4",22584718
210322_Blk_Blank6_B,"Taurine, D4",21193354
210322_Blk_Blank6_C,"Taurine, D4",20627088
210322_Blk_Blank7_A,"Taurine, D4",19844342
210322_Blk_Blank7_B,"Taurine, D4",21256988
210322_Blk_Blank7_C,"Taurine, D4",19598986
210322_Smp_C_1mL_NS_A,"Taurine, D4",18522970
210322_Smp_C_1mL_NS_B,"Taurine, D4",19784340
210322_Smp_C_1mL_NS_C,"Taurine, D4",19023682
210322_Smp_C_1mL_SAf_A,"Taurine, D4",20514252
210322_Smp_C_1mL_SAf_B,"Taurine, D4",19066062
210322_Smp_C_1mL_SAf_C,"Taurine, D4",19191742
210322_Smp_C_1mL_SBe_A,"Taurine, D4",17598512
210322_Smp_C_1mL_SBe_B,"Taurine, D4",16557359
210322_Smp_C_1mL_SBe_C,"Taurine, D4",20478032
210322_Blk_PPL_Blank_A,"Taurine, D4",18147144
210322_Blk_PPL_Blank_B,"Taurine, D4",21153230
210322_Blk_PPL_Blank_C,"Taurine, D4",24449220
210322_Smp_PPL_Aloha_A,"Taurine, D4",17098446
210322_Smp_PPL_Aloha_B,"Taurine, D4",20064960
210322_Smp_PPL_Aloha_C,"Taurine, D4",17445094
210322_Smp_PPL_PS_A,"Taurine, D4",20134192
210322_Smp_PPL_PS_B,"Taurine, D4",20131290
210322_Smp_PPL_PS_C,"Taurine, D4",15789275
210322_Blk_Blank6_A,"Trehalose, 13C",43554212
210322_Blk_Blank6_B,"Trehalose, 13C",38954216
210322_Blk_Blank6_C,"Trehalose, 13C",39700236
210322_Blk_Blank7_A,"Trehalose, 13C",42484336
210322_Blk_Blank7_B,"Trehalose, 13C",44555836
210322_Blk_Blank7_C,"Trehalose, 13C",43490300
210322_Smp_C_1mL_NS_A,"Trehalose, 13C",34986144
210322_Smp_C_1mL_NS_B,"Trehalose, 13C",38702788
210322_Smp_C_1mL_NS_C,"Trehalose, 13C",38209268
210322_Smp_C_1mL_SAf_A,"Trehalose, 13C",45918556
210322_Smp_C_1mL_SAf_B,"Trehalose, 13C",41928404
210322_Smp_C_1mL_SAf_C,"Trehalose, 13C",40840464
210322_Smp_C_1mL_SBe_A,"Trehalose, 13C",40965828
210322_Smp_C_1mL_SBe_B,"Trehalose, 13C",33780640
210322_Smp_C_1mL_SBe_C,"Trehalose, 13C",45041248
210322_Blk_PPL_Blank_A,"Trehalose, 13C",37573048
210322_Blk_PPL_Blank_B,"Trehalose, 13C",39476996
210322_Blk_PPL_Blank_C,"Trehalose, 13C",41742244
210322_Smp_PPL_Aloha_A,"Trehalose, 13C",44055484
210322_Smp_PPL_Aloha_B,"Trehalose, 13C",46221380
210322_Smp_PPL_Aloha_C,"Trehalose, 13C",43006072
210322_Smp_PPL_PS_A,"Trehalose, 13C",44339068
210322_Smp_PPL_PS_B,"Trehalose, 13C",40961836
210322_Smp_PPL_PS_C,"Trehalose, 13C",43862968
210322_Blk_Blank6_A,"Succinic Acid, D4",78171600
210322_Blk_Blank6_B,"Succinic Acid, D4",69316624
210322_Blk_Blank6_C,"Succinic Acid, D4",72511416
210322_Blk_Blank7_A,"Succinic Acid, D4",74497368
210322_Blk_Blank7_B,"Succinic Acid, D4",77407416
210322_Blk_Blank7_C,"Succinic Acid, D4",74417352
210322_Smp_C_1mL_NS_A,"Succinic Acid, D4",62963088
210322_Smp_C_1mL_NS_B,"Succinic Acid, D4",64819112
210322_Smp_C_1mL_NS_C,"Succinic Acid, D4",60411828
210322_Smp_C_1mL_SAf_A,"Succinic Acid, D4",74675896
210322_Smp_C_1mL_SAf_B,"Succinic Acid, D4",66407296
210322_Smp_C_1mL_SAf_C,"Succinic Acid, D4",67555360
210322_Smp_C_1mL_SBe_A,"Succinic Acid, D4",73591864
210322_Smp_C_1mL_SBe_B,"Succinic Acid, D4",59237064
210322_Smp_C_1mL_SBe_C,"Succinic Acid, D4",75483160
210322_Blk_PPL_Blank_A,"Succinic Acid, D4",40974068
210322_Blk_PPL_Blank_B,"Succinic Acid, D4",48302772
210322_Blk_PPL_Blank_C,"Succinic Acid, D4",78129344
210322_Smp_PPL_Aloha_A,"Succinic Acid, D4",74893824
210322_Smp_PPL_Aloha_B,"Succinic Acid, D4",51822160
210322_Smp_PPL_Aloha_C,"Succinic Acid, D4",75251488
210322_Smp_PPL_PS_A,"Succinic Acid, D4",73256904
210322_Smp_PPL_PS_B,"Succinic Acid, D4",72370864
210322_Smp_PPL_PS_C,"Succinic Acid, D4",71798960
210322_Blk_Blank6_A,"Sulfoacetic Acid, 13C2",NA
210322_Blk_Blank6_B,"Sulfoacetic Acid, 13C2",NA
210322_Blk_Blank6_C,"Sulfoacetic Acid, 13C2",NA
210322_Blk_Blank7_A,"Sulfoacetic Acid, 13C2",NA
210322_Blk_Blank7_B,"Sulfoacetic Acid, 13C2",NA
210322_Blk_Blank7_C,"Sulfoacetic Acid, 13C2",NA
210322_Smp_C_1mL_NS_A,"Sulfoacetic Acid, 13C2",NA
210322_Smp_C_1mL_NS_B,"Sulfoacetic Acid, 13C2",NA
210322_Smp_C_1mL_NS_C,"Sulfoacetic Acid, 13C2",NA
210322_Smp_C_1mL_SAf_A,"Sulfoacetic Acid, 13C2",NA
210322_Smp_C_1mL_SAf_B,"Sulfoacetic Acid, 13C2",NA
210322_Smp_C_1mL_SAf_C,"Sulfoacetic Acid, 13C2",NA
210322_Smp_C_1mL_SBe_A,"Sulfoacetic Acid, 13C2",NA
210322_Smp_C_1mL_SBe_B,"Sulfoacetic Acid, 13C2",NA
210322_Smp_C_1mL_SBe_C,"Sulfoacetic Acid, 13C2",NA
210322_Blk_PPL_Blank_A,"Sulfoacetic Acid, 13C2",NA
210322_Blk_PPL_Blank_B,"Sulfoacetic Acid, 13C2",NA
210322_Blk_PPL_Blank_C,"Sulfoacetic Acid, 13C2",NA
210322_Smp_PPL_Aloha_A,"Sulfoacetic Acid, 13C2",NA
210322_Smp_PPL_Aloha_B,"Sulfoacetic Acid, 13C2",NA
210322_Smp_PPL_Aloha_C,"Sulfoacetic Acid, 13C2",NA
210322_Smp_PPL_PS_A,"Sulfoacetic Acid, 13C2",NA
210322_Smp_PPL_PS_B,"Sulfoacetic Acid, 13C2",NA
210322_Smp_PPL_PS_C,"Sulfoacetic Acid, 13C2",NA
210322_Blk_Blank6_A,"Sulfolactic Acid, 13C3",NA
210322_Blk_Blank6_B,"Sulfolactic Acid, 13C3",NA
210322_Blk_Blank6_C,"Sulfolactic Acid, 13C3",NA
210322_Blk_Blank7_A,"Sulfolactic Acid, 13C3",NA
210322_Blk_Blank7_B,"Sulfolactic Acid, 13C3",NA
210322_Blk_Blank7_C,"Sulfolactic Acid, 13C3",14414
210322_Smp_C_1mL_NS_A,"Sulfolactic Acid, 13C3",NA
210322_Smp_C_1mL_NS_B,"Sulfolactic Acid, 13C3",NA
210322_Smp_C_1mL_NS_C,"Sulfolactic Acid, 13C3",NA
210322_Smp_C_1mL_SAf_A,"Sulfolactic Acid, 13C3",NA
210322_Smp_C_1mL_SAf_B,"Sulfolactic Acid, 13C3",NA
210322_Smp_C_1mL_SAf_C,"Sulfolactic Acid, 13C3",NA
210322_Smp_C_1mL_SBe_A,"Sulfolactic Acid, 13C3",NA
210322_Smp_C_1mL_SBe_B,"Sulfolactic Acid, 13C3",NA
210322_Smp_C_1mL_SBe_C,"Sulfolactic Acid, 13C3",NA
210322_Blk_PPL_Blank_A,"Sulfolactic Acid, 13C3",NA
210322_Blk_PPL_Blank_B,"Sulfolactic Acid, 13C3",NA
210322_Blk_PPL_Blank_C,"Sulfolactic Acid, 13C3",NA
210322_Smp_PPL_Aloha_A,"Sulfolactic Acid, 13C3",NA
210322_Smp_PPL_Aloha_B,"Sulfolactic Acid, 13C3",NA
210322_Smp_PPL_Aloha_C,"Sulfolactic Acid, 13C3",NA
210322_Smp_PPL_PS_A,"Sulfolactic Acid, 13C3",NA
210322_Smp_PPL_PS_B,"Sulfolactic Acid, 13C3",NA
210322_Smp_PPL_PS_C,"Sulfolactic Acid, 13C3",NA
210322_Blk_Blank6_A,"Thymine, D4",106192904
210322_Blk_Blank6_B,"Thymine, D4",89780552
210322_Blk_Blank6_C,"Thymine, D4",95181320
210322_Blk_Blank7_A,"Thymine, D4",99238544
210322_Blk_Blank7_B,"Thymine, D4",100835096
210322_Blk_Blank7_C,"Thymine, D4",100337664
210322_Smp_C_1mL_NS_A,"Thymine, D4",82102352
210322_Smp_C_1mL_NS_B,"Thymine, D4",90161752
210322_Smp_C_1mL_NS_C,"Thymine, D4",89566048
210322_Smp_C_1mL_SAf_A,"Thymine, D4",107770968
210322_Smp_C_1mL_SAf_B,"Thymine, D4",97582136
210322_Smp_C_1mL_SAf_C,"Thymine, D4",98634784
210322_Smp_C_1mL_SBe_A,"Thymine, D4",95351240
210322_Smp_C_1mL_SBe_B,"Thymine, D4",77132680
210322_Smp_C_1mL_SBe_C,"Thymine, D4",97800376
210322_Blk_PPL_Blank_A,"Thymine, D4",93008928
210322_Blk_PPL_Blank_B,"Thymine, D4",96644888
210322_Blk_PPL_Blank_C,"Thymine, D4",104917952
210322_Smp_PPL_Aloha_A,"Thymine, D4",97657968
210322_Smp_PPL_Aloha_B,"Thymine, D4",98496064
210322_Smp_PPL_Aloha_C,"Thymine, D4",95142040
210322_Smp_PPL_PS_A,"Thymine, D4",98356384
210322_Smp_PPL_PS_B,"Thymine, D4",98039640
210322_Smp_PPL_PS_C,"Thymine, D4",100836680
210322_Blk_Blank6_A,"Uracil, 15N2-D2",713866
210322_Blk_Blank6_B,"Uracil, 15N2-D2",2987941
210322_Blk_Blank6_C,"Uracil, 15N2-D2",149794
210322_Blk_Blank7_A,"Uracil, 15N2-D2",3215211
210322_Blk_Blank7_B,"Uracil, 15N2-D2",632710
210322_Blk_Blank7_C,"Uracil, 15N2-D2",110461
210322_Smp_C_1mL_NS_A,"Uracil, 15N2-D2",1495103
210322_Smp_C_1mL_NS_B,"Uracil, 15N2-D2",2918136
210322_Smp_C_1mL_NS_C,"Uracil, 15N2-D2",2380724
210322_Smp_C_1mL_SAf_A,"Uracil, 15N2-D2",725295
210322_Smp_C_1mL_SAf_B,"Uracil, 15N2-D2",12908975
210322_Smp_C_1mL_SAf_C,"Uracil, 15N2-D2",11931722
210322_Smp_C_1mL_SBe_A,"Uracil, 15N2-D2",394998
210322_Smp_C_1mL_SBe_B,"Uracil, 15N2-D2",919854
210322_Smp_C_1mL_SBe_C,"Uracil, 15N2-D2",2784638
210322_Blk_PPL_Blank_A,"Uracil, 15N2-D2",5373481
210322_Blk_PPL_Blank_B,"Uracil, 15N2-D2",617962
210322_Blk_PPL_Blank_C,"Uracil, 15N2-D2",620080
210322_Smp_PPL_Aloha_A,"Uracil, 15N2-D2",4332970
210322_Smp_PPL_Aloha_B,"Uracil, 15N2-D2",4143977
210322_Smp_PPL_Aloha_C,"Uracil, 15N2-D2",21499982
210322_Smp_PPL_PS_A,"Uracil, 15N2-D2",12991750
210322_Smp_PPL_PS_B,"Uracil, 15N2-D2",2491367
210322_Smp_PPL_PS_C,"Uracil, 15N2-D2",13800724
210322_Poo_TruePoo_Full1,"Acetyl CoA, 13C2",NA
210322_Poo_TruePoo_Full2,"Acetyl CoA, 13C2",NA
210322_Poo_TruePoo_Full3,"Acetyl CoA, 13C2",NA
210322_Poo_TruePoo_Half1,"Acetyl CoA, 13C2",NA
210322_Poo_TruePoo_Half2,"Acetyl CoA, 13C2",NA
210322_Poo_TruePoo_Half3,"Acetyl CoA, 13C2",NA
210322_Std_4uMStdsMix1InH2O_1,"Acetyl CoA, 13C2",4805769
210322_Std_4uMStdsMix1InH2O_2,"Acetyl CoA, 13C2",3709534
210322_Std_4uMStdsMix1InMatrix_1,"Acetyl CoA, 13C2",4454373
210322_Std_4uMStdsMix1InMatrix_2,"Acetyl CoA, 13C2",3449274
210322_Std_4uMStdsMix2InH2O_1,"Acetyl CoA, 13C2",NA
210322_Std_4uMStdsMix2InH2O_2,"Acetyl CoA, 13C2",NA
210322_Std_4uMStdsMix2InMatrix_1,"Acetyl CoA, 13C2",NA
210322_Std_4uMStdsMix2InMatrix_2,"Acetyl CoA, 13C2",NA
210322_Std_H2OInMatrix_1,"Acetyl CoA, 13C2",NA
210322_Std_H2OInMatrix_2,"Acetyl CoA, 13C2",NA
210322_Poo_TruePoo_Full1,"Adenosine Monophosphate, 15N5",29926674
210322_Poo_TruePoo_Full2,"Adenosine Monophosphate, 15N5",29070752
210322_Poo_TruePoo_Full3,"Adenosine Monophosphate, 15N5",35550492
210322_Poo_TruePoo_Half1,"Adenosine Monophosphate, 15N5",14562296
210322_Poo_TruePoo_Half2,"Adenosine Monophosphate, 15N5",15070130
210322_Poo_TruePoo_Half3,"Adenosine Monophosphate, 15N5",17210880
210322_Std_4uMStdsMix1InH2O_1,"Adenosine Monophosphate, 15N5",15710
210322_Std_4uMStdsMix1InH2O_2,"Adenosine Monophosphate, 15N5",16082
210322_Std_4uMStdsMix1InMatrix_1,"Adenosine Monophosphate, 15N5",19024334
210322_Std_4uMStdsMix1InMatrix_2,"Adenosine Monophosphate, 15N5",22858306
210322_Std_4uMStdsMix2InH2O_1,"Adenosine Monophosphate, 15N5",NA
210322_Std_4uMStdsMix2InH2O_2,"Adenosine Monophosphate, 15N5",15652
210322_Std_4uMStdsMix2InMatrix_1,"Adenosine Monophosphate, 15N5",20786838
210322_Std_4uMStdsMix2InMatrix_2,"Adenosine Monophosphate, 15N5",23272986
210322_Std_H2OInMatrix_1,"Adenosine Monophosphate, 15N5",19072814
210322_Std_H2OInMatrix_2,"Adenosine Monophosphate, 15N5",20774038
210322_Poo_TruePoo_Full1,"Guanosine Monophosphate, 15N5",NA
210322_Poo_TruePoo_Full2,"Guanosine Monophosphate, 15N5",NA
210322_Poo_TruePoo_Full3,"Guanosine Monophosphate, 15N5",NA
210322_Poo_TruePoo_Half1,"Guanosine Monophosphate, 15N5",NA
210322_Poo_TruePoo_Half2,"Guanosine Monophosphate, 15N5",NA
210322_Poo_TruePoo_Half3,"Guanosine Monophosphate, 15N5",NA
210322_Std_4uMStdsMix1InH2O_1,"Guanosine Monophosphate, 15N5",NA
210322_Std_4uMStdsMix1InH2O_2,"Guanosine Monophosphate, 15N5",NA
210322_Std_4uMStdsMix1InMatrix_1,"Guanosine Monophosphate, 15N5",NA
210322_Std_4uMStdsMix1InMatrix_2,"Guanosine Monophosphate, 15N5",NA
210322_Std_4uMStdsMix2InH2O_1,"Guanosine Monophosphate, 15N5",NA
210322_Std_4uMStdsMix2InH2O_2,"Guanosine Monophosphate, 15N5",NA
210322_Std_4uMStdsMix2InMatrix_1,"Guanosine Monophosphate, 15N5",NA
210322_Std_4uMStdsMix2InMatrix_2,"Guanosine Monophosphate, 15N5",NA
210322_Std_H2OInMatrix_1,"Guanosine Monophosphate, 15N5",NA
210322_Std_H2OInMatrix_2,"Guanosine Monophosphate, 15N5",NA
210322_Poo_TruePoo_Full1,"Isethionic Acid, 13C2",NA
210322_Poo_TruePoo_Full2,"Isethionic Acid, 13C2",NA
210322_Poo_TruePoo_Full3,"Isethionic Acid, 13C2",NA
210322_Poo_TruePoo_Half1,"Isethionic Acid, 13C2",NA
210322_Poo_TruePoo_Half2,"Isethionic Acid, 13C2",NA
210322_Poo_TruePoo_Half3,"Isethionic Acid, 13C2",NA
210322_Std_4uMStdsMix1InH2O_1,"Isethionic Acid, 13C2",NA
210322_Std_4uMStdsMix1InH2O_2,"Isethionic Acid, 13C2",NA
210322_Std_4uMStdsMix1InMatrix_1,"Isethionic Acid, 13C2",NA
210322_Std_4uMStdsMix1InMatrix_2,"Isethionic Acid, 13C2",NA
210322_Std_4uMStdsMix2InH2O_1,"Isethionic Acid, 13C2",NA
210322_Std_4uMStdsMix2InH2O_2,"Isethionic Acid, 13C2",NA
210322_Std_4uMStdsMix2InMatrix_1,"Isethionic Acid, 13C2",NA
210322_Std_4uMStdsMix2InMatrix_2,"Isethionic Acid, 13C2",NA
210322_Std_H2OInMatrix_1,"Isethionic Acid, 13C2",NA
210322_Std_H2OInMatrix_2,"Isethionic Acid, 13C2",NA
210322_Poo_TruePoo_Full1,"L-Cysteic Acid, D3",7300714
210322_Poo_TruePoo_Full2,"L-Cysteic Acid, D3",7372764
210322_Poo_TruePoo_Full3,"L-Cysteic Acid, D3",7015913
210322_Poo_TruePoo_Half1,"L-Cysteic Acid, D3",3392805
210322_Poo_TruePoo_Half2,"L-Cysteic Acid, D3",3429891
210322_Poo_TruePoo_Half3,"L-Cysteic Acid, D3",3559890
210322_Std_4uMStdsMix1InH2O_1,"L-Cysteic Acid, D3",NA
210322_Std_4uMStdsMix1InH2O_2,"L-Cysteic Acid, D3",NA
210322_Std_4uMStdsMix1InMatrix_1,"L-Cysteic Acid, D3",4232871
210322_Std_4uMStdsMix1InMatrix_2,"L-Cysteic Acid, D3",4177971
210322_Std_4uMStdsMix2InH2O_1,"L-Cysteic Acid, D3",NA
210322_Std_4uMStdsMix2InH2O_2,"L-Cysteic Acid, D3",NA
210322_Std_4uMStdsMix2InMatrix_1,"L-Cysteic Acid, D3",4954455
210322_Std_4uMStdsMix2InMatrix_2,"L-Cysteic Acid, D3",4710472
210322_Std_H2OInMatrix_1,"L-Cysteic Acid, D3",4106742
210322_Std_H2OInMatrix_2,"L-Cysteic Acid, D3",3914553
210322_Poo_TruePoo_Full1,"Sucrose, 13C",40271648
210322_Poo_TruePoo_Full2,"Sucrose, 13C",42995000
210322_Poo_TruePoo_Full3,"Sucrose, 13C",43393316
210322_Poo_TruePoo_Half1,"Sucrose, 13C",20555962
210322_Poo_TruePoo_Half2,"Sucrose, 13C",20771700
210322_Poo_TruePoo_Half3,"Sucrose, 13C",21716824
210322_Std_4uMStdsMix1InH2O_1,"Sucrose, 13C",NA
210322_Std_4uMStdsMix1InH2O_2,"Sucrose, 13C",NA
210322_Std_4uMStdsMix1InMatrix_1,"Sucrose, 13C",22177162
210322_Std_4uMStdsMix1InMatrix_2,"Sucrose, 13C",23843786
210322_Std_4uMStdsMix2InH2O_1,"Sucrose, 13C",NA
210322_Std_4uMStdsMix2InH2O_2,"Sucrose, 13C",NA
210322_Std_4uMStdsMix2InMatrix_1,"Sucrose, 13C",24732134
210322_Std_4uMStdsMix2InMatrix_2,"Sucrose, 13C",24740234
210322_Std_H2OInMatrix_1,"Sucrose, 13C",23534980
210322_Std_H2OInMatrix_2,"Sucrose, 13C",24390352
210322_Poo_TruePoo_Full1,"Taurine, D4",18940000
210322_Poo_TruePoo_Full2,"Taurine, D4",20005132
210322_Poo_TruePoo_Full3,"Taurine, D4",21060362
210322_Poo_TruePoo_Half1,"Taurine, D4",10370029
210322_Poo_TruePoo_Half2,"Taurine, D4",10600818
210322_Poo_TruePoo_Half3,"Taurine, D4",10773347
210322_Std_4uMStdsMix1InH2O_1,"Taurine, D4",14046
210322_Std_4uMStdsMix1InH2O_2,"Taurine, D4",NA
210322_Std_4uMStdsMix1InMatrix_1,"Taurine, D4",8793213
210322_Std_4uMStdsMix1InMatrix_2,"Taurine, D4",11053563
210322_Std_4uMStdsMix2InH2O_1,"Taurine, D4",NA
210322_Std_4uMStdsMix2InH2O_2,"Taurine, D4",NA
210322_Std_4uMStdsMix2InMatrix_1,"Taurine, D4",9536366
210322_Std_4uMStdsMix2InMatrix_2,"Taurine, D4",11813452
210322_Std_H2OInMatrix_1,"Taurine, D4",10354513
210322_Std_H2OInMatrix_2,"Taurine, D4",12185743
210322_Poo_TruePoo_Full1,"Trehalose, 13C",40271648
210322_Poo_TruePoo_Full2,"Trehalose, 13C",42995000
210322_Poo_TruePoo_Full3,"Trehalose, 13C",43393316
210322_Poo_TruePoo_Half1,"Trehalose, 13C",20555962
210322_Poo_TruePoo_Half2,"Trehalose, 13C",20771700
210322_Poo_TruePoo_Half3,"Trehalose, 13C",21716824
210322_Std_4uMStdsMix1InH2O_1,"Trehalose, 13C",NA
210322_Std_4uMStdsMix1InH2O_2,"Trehalose, 13C",NA
210322_Std_4uMStdsMix1InMatrix_1,"Trehalose, 13C",22177162
210322_Std_4uMStdsMix1InMatrix_2,"Trehalose, 13C",23843786
210322_Std_4uMStdsMix2InH2O_1,"Trehalose, 13C",NA
210322_Std_4uMStdsMix2InH2O_2,"Trehalose, 13C",NA
210322_Std_4uMStdsMix2InMatrix_1,"Trehalose, 13C",24732134
210322_Std_4uMStdsMix2InMatrix_2,"Trehalose, 13C",24740234
210322_Std_H2OInMatrix_1,"Trehalose, 13C",23534980
210322_Std_H2OInMatrix_2,"Trehalose, 13C",24390352
210322_Poo_TruePoo_Full1,"Succinic Acid, D4",76782216
210322_Poo_TruePoo_Full2,"Succinic Acid, D4",74026816
210322_Poo_TruePoo_Full3,"Succinic Acid, D4",72264480
210322_Poo_TruePoo_Half1,"Succinic Acid, D4",37734956
210322_Poo_TruePoo_Half2,"Succinic Acid, D4",37631160
210322_Poo_TruePoo_Half3,"Succinic Acid, D4",36672652
210322_Std_4uMStdsMix1InH2O_1,"Succinic Acid, D4",NA
210322_Std_4uMStdsMix1InH2O_2,"Succinic Acid, D4",28082
210322_Std_4uMStdsMix1InMatrix_1,"Succinic Acid, D4",43102220
210322_Std_4uMStdsMix1InMatrix_2,"Succinic Acid, D4",40963796
210322_Std_4uMStdsMix2InH2O_1,"Succinic Acid, D4",NA
210322_Std_4uMStdsMix2InH2O_2,"Succinic Acid, D4",14957
210322_Std_4uMStdsMix2InMatrix_1,"Succinic Acid, D4",40622688
210322_Std_4uMStdsMix2InMatrix_2,"Succinic Acid, D4",36479600
210322_Std_H2OInMatrix_1,"Succinic Acid, D4",42872624
210322_Std_H2OInMatrix_2,"Succinic Acid, D4",42542460
210322_Poo_TruePoo_Full1,"Sulfoacetic Acid, 13C2",NA
210322_Poo_TruePoo_Full2,"Sulfoacetic Acid, 13C2",NA
210322_Poo_TruePoo_Full3,"Sulfoacetic Acid, 13C2",16046
210322_Poo_TruePoo_Half1,"Sulfoacetic Acid, 13C2",NA
210322_Poo_TruePoo_Half2,"Sulfoacetic Acid, 13C2",NA
210322_Poo_TruePoo_Half3,"Sulfoacetic Acid, 13C2",NA
210322_Std_4uMStdsMix1InH2O_1,"Sulfoacetic Acid, 13C2",NA
210322_Std_4uMStdsMix1InH2O_2,"Sulfoacetic Acid, 13C2",NA
210322_Std_4uMStdsMix1InMatrix_1,"Sulfoacetic Acid, 13C2",NA
210322_Std_4uMStdsMix1InMatrix_2,"Sulfoacetic Acid, 13C2",NA
210322_Std_4uMStdsMix2InH2O_1,"Sulfoacetic Acid, 13C2",18760
210322_Std_4uMStdsMix2InH2O_2,"Sulfoacetic Acid, 13C2",NA
210322_Std_4uMStdsMix2InMatrix_1,"Sulfoacetic Acid, 13C2",NA
210322_Std_4uMStdsMix2InMatrix_2,"Sulfoacetic Acid, 13C2",NA
210322_Std_H2OInMatrix_1,"Sulfoacetic Acid, 13C2",NA
210322_Std_H2OInMatrix_2,"Sulfoacetic Acid, 13C2",NA
210322_Poo_TruePoo_Full1,"Sulfolactic Acid, 13C3",NA
210322_Poo_TruePoo_Full2,"Sulfolactic Acid, 13C3",NA
210322_Poo_TruePoo_Full3,"Sulfolactic Acid, 13C3",NA
210322_Poo_TruePoo_Half1,"Sulfolactic Acid, 13C3",NA
210322_Poo_TruePoo_Half2,"Sulfolactic Acid, 13C3",NA
210322_Poo_TruePoo_Half3,"Sulfolactic Acid, 13C3",NA
210322_Std_4uMStdsMix1InH2O_1,"Sulfolactic Acid, 13C3",NA
210322_Std_4uMStdsMix1InH2O_2,"Sulfolactic Acid, 13C3",NA
210322_Std_4uMStdsMix1InMatrix_1,"Sulfolactic Acid, 13C3",NA
210322_Std_4uMStdsMix1InMatrix_2,"Sulfolactic Acid, 13C3",NA
210322_Std_4uMStdsMix2InH2O_1,"Sulfolactic Acid, 13C3",NA
210322_Std_4uMStdsMix2InH2O_2,"Sulfolactic Acid, 13C3",NA
210322_Std_4uMStdsMix2InMatrix_1,"Sulfolactic Acid, 13C3",NA
210322_Std_4uMStdsMix2InMatrix_2,"Sulfolactic Acid, 13C3",NA
210322_Std_H2OInMatrix_1,"Sulfolactic Acid, 13C3",NA
210322_Std_H2OInMatrix_2,"Sulfolactic Acid, 13C3",NA
210322_Poo_TruePoo_Full1,"Thymine, D4",95856656
210322_Poo_TruePoo_Full2,"Thymine, D4",95950672
210322_Poo_TruePoo_Full3,"Thymine, D4",101414576
210322_Poo_TruePoo_Half1,"Thymine, D4",48131852
210322_Poo_TruePoo_Half2,"Thymine, D4",49719040
210322_Poo_TruePoo_Half3,"Thymine, D4",52776784
210322_Std_4uMStdsMix1InH2O_1,"Thymine, D4",NA
210322_Std_4uMStdsMix1InH2O_2,"Thymine, D4",16551
210322_Std_4uMStdsMix1InMatrix_1,"Thymine, D4",56365516
210322_Std_4uMStdsMix1InMatrix_2,"Thymine, D4",57491688
210322_Std_4uMStdsMix2InH2O_1,"Thymine, D4",16376
210322_Std_4uMStdsMix2InH2O_2,"Thymine, D4",NA
210322_Std_4uMStdsMix2InMatrix_1,"Thymine, D4",61977756
210322_Std_4uMStdsMix2InMatrix_2,"Thymine, D4",60342444
210322_Std_H2OInMatrix_1,"Thymine, D4",57795736
210322_Std_H2OInMatrix_2,"Thymine, D4",59844196
210322_Poo_TruePoo_Full1,"Uracil, 15N2-D2",9239084
210322_Poo_TruePoo_Full2,"Uracil, 15N2-D2",16037792
210322_Poo_TruePoo_Full3,"Uracil, 15N2-D2",11389932
210322_Poo_TruePoo_Half1,"Uracil, 15N2-D2",4873225
210322_Poo_TruePoo_Half2,"Uracil, 15N2-D2",6422776
210322_Poo_TruePoo_Half3,"Uracil, 15N2-D2",5036115
210322_Std_4uMStdsMix1InH2O_1,"Uracil, 15N2-D2",899319
210322_Std_4uMStdsMix1InH2O_2,"Uracil, 15N2-D2",325110
210322_Std_4uMStdsMix1InMatrix_1,"Uracil, 15N2-D2",8990995
210322_Std_4uMStdsMix1InMatrix_2,"Uracil, 15N2-D2",1312258
210322_Std_4uMStdsMix2InH2O_1,"Uracil, 15N2-D2",38171524
210322_Std_4uMStdsMix2InH2O_2,"Uracil, 15N2-D2",1430558
210322_Std_4uMStdsMix2InMatrix_1,"Uracil, 15N2-D2",56932132
210322_Std_4uMStdsMix2InMatrix_2,"Uracil, 15N2-D2",4526790
210322_Std_H2OInMatrix_1,"Uracil, 15N2-D2",17263588
210322_Std_H2OInMatrix_2,"Uracil, 15N2-D2",2251254
